name,lastname
Caitlyn,Johnson
Lisa,Lewis
Renee,Johnston
Daniel,Martinez
Shaun,Schmidt
Laura,Carpenter
Nicole,Mcneil
Terri,Pearson
Benjamin,Benton
Ernest,Davis
Pamela,Perry
Raymond,Gillespie
Kelsey,Anderson
Melinda,Leblanc
Rachel,Salazar
Phillip,Mahoney
Travis,Smith
Austin,Jackson
Duane,Griffin
Megan,Smith
Lisa,Terry
Eric,Williams
Katie,Smith
Julian,Gilmore
Daniel,Blackwell
Kyle,Johnson
Tami,Salazar
Gregg,May
Mary,Owen
Elizabeth,Lee
Michael,Rice
Lisa,Padilla
Colleen,Gaines
Kelli,Lee
Cody,Taylor
Dylan,Edwards
Natalie,Jenkins
Jennifer,Mitchell
James,Moore
Steven,Davis
Elizabeth,Thompson
Keith,Carpenter
Linda,Hendrix
Joshua,Cox
Evelyn,Moore
Jeremy,Bell
Savannah,Rice
Ian,Mathis
Leah,Haynes
Kathryn,Little
Rose,Bryant
Barbara,Watts
Richard,Thompson
Donna,Ashley
Tracy,Lee
Joshua,Vaughn
Deanna,Wright
Richard,Graham
Jennifer,Blackwell
Calvin,Fuller
Susan,Johnson
Gary,Yoder
Steven,Smith
Linda,Thomas
Bethany,Hayes
Carlos,Montgomery
Anthony,Patton
Jessica,Jones
Joshua,Brandt
Michelle,Frey
Christopher,Phillips
Louis,Smith
Robert,Murphy
Angela,Moss
Brandon,Hull
Jill,Reynolds
Matthew,Allen
Darrell,Johnson
Tina,Gomez
Robin,Flores
Clinton,Meyer
Amy,Lopez
Alicia,Wells
Laura,Gates
Shannon,Liu
Theresa,Gomez
Charles,Kelly
Melissa,Acevedo
Brenda,Harris
Lori,Wilson
Ashley,Cummings
Aaron,Martin
Sarah,Dudley
Jeffery,Crosby
Scott,Baker
Matthew,Ware
Kelly,Garcia
Nicole,Spears
Adam,Odonnell
Pamela,Edwards
Paul,Bonilla
Samantha,Smith
Arthur,Simpson
Ryan,Brown
Maria,Dunn
Anthony,Cook
Kyle,Bishop
Craig,Hunt
George,May
Sarah,Garcia
William,Blair
Dan,Jones
Todd,Fox
Eric,Evans
Amanda,Fernandez
Michelle,Jones
Scott,Jones
Jessica,Ramirez
Robert,Navarro
Christian,Price
Jennifer,Reynolds
Lisa,Martin
Mary,Brooks
Shaun,Donaldson
Nicholas,Fernandez
Jamie,Nguyen
Cheyenne,Joseph
Deanna,Gonzalez
Erica,Martinez
Michael,Lewis
Diane,Wilkinson
Steven,Randolph
Todd,Kirby
Erica,Barton
John,Pearson
Wendy,Rubio
Jason,Lee
Jose,Thomas
Daryl,Collier
James,Mata
Shannon,King
Courtney,Glover
Michael,White
Monica,Watson
Scott,Robertson
Rachel,Medina
Joseph,Roberts
Sandra,Howell
Drew,Kidd
Vanessa,Stokes
Steven,Francis
Jeffrey,Mejia
David,Clay
Joseph,Wallace
Cynthia,Rodriguez
Sonya,Garcia
Susan,Bennett
Brian,Buchanan
Kara,Vang
Tim,Murphy
Jeremy,Mitchell
Katie,Jennings
Jeffery,Miller
Sheila,Lang
Yvonne,Tran
Robert,Kaiser
Wesley,Sandoval
Michael,Turner
Veronica,Lopez
Robert,Ross
John,Williams
Evan,Lopez
Jason,Walter
Benjamin,Vega
Jasmin,Mitchell
Michael,Browning
Lisa,Cooper
Joshua,Hanson
Tamara,Howell
Margaret,Norton
Nicole,Ewing
Jennifer,Farley
Christine,Ortiz
Maria,Smith
Wendy,Lee
Ashley,Cummings
Crystal,Vazquez
Cathy,Mullen
Sarah,Miller
Kim,Perez
Vincent,Terry
Stacie,James
Heather,Mendoza
Michael,Soto
Christopher,Cabrera
Gabriel,Manning
Sarah,Stewart
Anna,Lee
Susan,Guerra
Penny,Townsend
Jessica,Bailey
Jamie,Alvarez
Charlene,Nelson
Julie,Spence
Megan,Miller
Donna,Arroyo
Oscar,Martin
Dennis,Lowe
April,Spencer
Barry,Moreno
Michael,Nelson
Monica,Mitchell
Ryan,Butler
Laurie,Johnson
Melissa,Jefferson
Maria,Becker
Anna,Patrick
Charles,Knox
Leah,Davis
Tammy,Fuller
Anthony,Flowers
Brandon,Brown
Michael,Wilson
Christine,Smith
Ann,Smith
Paula,Wright
Kimberly,Bennett
Charles,Porter
Teresa,May
Mitchell,Spencer
Patrick,King
Timothy,Williams
Danielle,Shepherd
Julie,Glover
Russell,Rogers
George,Drake
Shelby,Fields
Katrina,Taylor
Sandy,Smith
John,Hanson
Brenda,Morris
Christina,Phillips
Andrew,Velez
Denise,Rich
Richard,Reyes
Nicholas,Kline
Thomas,King
Brian,Barber
Jamie,Garcia
Ian,Hopkins
Andrew,Cummings
Kendra,Graham
Craig,Myers
Amanda,Ware
Stephen,Harding
Jose,Jones
Michael,Watson
Stephanie,Arellano
John,Austin
Joshua,Solis
Rebecca,Perkins
Claire,Duncan
Lauren,Preston
Timothy,Moore
Katherine,Barnes
Keith,Rodriguez
Emily,Brewer
Justin,Morgan
Wendy,Kemp
Lisa,Harris
Lindsey,Miller
Anita,Hernandez
Lisa,Morris
Rebecca,Merritt
Amanda,Webster
Alison,Moore
Michael,Brock
Natasha,Patterson
Travis,Vega
Patricia,Greene
Stephanie,Marshall
Martin,Phillips
Stephen,Ross
Mandy,Andrade
Charlotte,Sims
Sarah,Johnson
Kristi,Sims
Jessica,Wilson
Daniel,Gardner
Dustin,Andrade
Scott,Ellis
Theresa,Garrett
Michelle,Valdez
Chase,Stevens
Jose,Hubbard
Anthony,Blackburn
Anna,Anderson
Debbie,Heath
Emily,Hernandez
Travis,Smith
Angela,Martin
Thomas,Hill
Herbert,Sloan
Michelle,Greene
Taylor,Meyer
Richard,Rose
David,Jones
Mark,Curry
Nicholas,Tate
Bianca,Klein
David,Burton
John,Young
Sarah,Cruz
Sarah,Thomas
Patrick,Santiago
Robert,Wells
Justin,Sanchez
Samantha,Collier
Peter,Lindsey
Courtney,Brooks
Amber,Murphy
Cynthia,Flores
Donald,Smith
Brandon,Pennington
Robert,Vasquez
Rachael,Clayton
Jonathan,Hart
Robin,Washington
Eugene,Riddle
Edward,Meadows
Nicole,Carlson
Richard,Fisher
Diane,Tran
Diane,Horne
Michael,Wright
Charles,Smith
Shelby,Clark
Mark,Williams
Melanie,Hopkins
Linda,Flores
Clayton,Thomas
Faith,Bright
Theresa,Stephens
Eileen,Fleming
Chelsea,Williams
Mitchell,Morales
Debra,Proctor
Amy,Aguirre
Ashley,Orozco
Lisa,Allen
Wendy,Hayes
Breanna,Goodwin
Debbie,Crane
Kathryn,Guerrero
Ashley,Peters
Rebekah,Miller
Dawn,Arnold
Hunter,Smith
Diane,Bennett
Patricia,White
Willie,Greene
Brittany,Greene
Tanya,Armstrong
Willie,Shaw
Michelle,Rodriguez
Michael,Henry
Yvonne,Mcgrath
Chase,Brady
Victoria,Shields
Jennifer,Finley
Robert,Campbell
John,Bright
Richard,Best
Anthony,Richardson
Russell,Camacho
Jessica,Sawyer
Roger,Freeman
Howard,Jenkins
Joanna,Barton
Frederick,Ramos
Mark,Johnson
Kelly,Beltran
Debbie,Johnson
Jonathan,Dyer
Lisa,Mason
Stacy,Brewer
Anthony,Smith
Amanda,Ford
Aaron,Cuevas
Nicole,Moreno
Hayden,Smith
Angela,Lamb
Zachary,Todd
Shannon,Walton
Christina,Harrell
Michael,Martinez
Craig,Knight
Amber,Goodman
Jessica,Patterson
David,Sandoval
Jessica,Duncan
Mark,Pacheco
Linda,Smith
Ellen,Castro
Timothy,Mann
Lynn,Boyd
Michael,Parker
Roy,Shaffer
Kimberly,Thompson
Erica,Atkinson
Charles,Choi
Richard,Sandoval
William,James
John,Gibson
Philip,Cain
Jonathan,Duffy
Ronald,Robertson
John,Anderson
Julie,Baldwin
Adrienne,Khan
Dennis,Kline
Evelyn,Thompson
Bailey,Rogers
Kristin,Valdez
George,Woodard
Christine,Fernandez
Jose,Osborne
Karen,Forbes
Scott,Huerta
Thomas,Mcdaniel
Joe,Houston
Elizabeth,Horn
Brianna,Boone
Barry,Rodriguez
Gabriel,Cox
William,Henderson
Rachel,Rodriguez
Emily,Chavez
Christopher,Decker
Ashley,Lamb
Molly,Sexton
Kevin,Murray
Hailey,Smith
Roberta,Maddox
Cindy,Cline
Ashley,Hill
Lindsey,Hudson
Robert,Cruz
Danny,Bennett
James,Hill
Charles,Nelson
Jacob,Howell
Jacob,Woods
Rebecca,Powers
Danielle,Williams
Susan,Brooks
Kevin,Rogers
Steven,Pitts
Christopher,Turner
Walter,Bishop
Vanessa,Carney
Alexis,Stewart
Tyler,Bradshaw
Danielle,Ford
Michael,Gordon
John,Cooper
Carrie,Cruz
Melanie,Coleman
Alyssa,Robbins
Chris,Torres
Shannon,Willis
Katrina,Richardson
Mark,Moore
Lisa,Oneal
Steven,Hall
Taylor,Williams
Robert,Wallace
Pamela,Newton
Bradley,Hunter
Melissa,Rhodes
Timothy,Travis
Krista,Ellis
Kevin,Cruz
Betty,Hale
Terri,Perez
Jennifer,Burton
Ashley,Reed
Brandon,Miller
Victoria,Klein
Karen,White
Paul,Jones
Jennifer,Contreras
Jesse,Campbell
Randall,Martinez
Natasha,Nichols
Scott,Owen
Cathy,Rodriguez
Kristine,Garcia
Michael,Pierce
Cassie,Reed
Benjamin,Schwartz
Richard,Ramos
Jason,Tate
Tommy,Clarke
Carlos,Melton
Jennifer,Perry
Marco,Williams
Andrea,Fernandez
Keith,Alexander
Olivia,Smith
Christine,Cardenas
Robert,Spencer
Rita,Ross
Samantha,Hogan
Toni,Valencia
Robert,Mitchell
Heather,Lopez
Carl,Young
Lisa,Stephenson
Joseph,Stewart
Laura,Smith
Elizabeth,Chen
Jessica,Thornton
Timothy,Cooper
Heather,Thompson
Laura,Keith
Andre,Blanchard
Courtney,Costa
David,Beasley
Alexis,Reid
Stacey,Collins
Antonio,Lester
Kathleen,Shelton
Elizabeth,Jordan
Anthony,Cooper
Carlos,Whitney
Reginald,Payne
Robert,Wang
Ashley,Bush
Wanda,Rice
Joseph,Carey
Taylor,Douglas
Eric,Hawkins
Alex,Avila
Frank,Huynh
Jonathan,Matthews
Sherry,Hurst
Kevin,Davis
Scott,Anderson
Mackenzie,Hurst
Jessica,Scott
Daniel,Rodriguez
Jeremy,Shaw
Kenneth,Murphy
Barry,Cole
Phillip,Novak
Marilyn,Hale
Kaitlyn,Johnson
Joseph,Gonzalez
Melvin,Brown
Michael,Hughes
Brian,Brady
Alex,Martinez
Jillian,Ellison
Seth,Brandt
Brandy,Harris
Jacqueline,Johnson
Hayley,King
Justin,Gordon
Laura,Thompson
Gail,Ferguson
Amy,Nelson
Deborah,Garcia
Stephen,Miller
Michael,Henderson
Julia,Black
Laura,Dawson
Natalie,Williams
Douglas,Wagner
Nicholas,Trujillo
Kelli,Dalton
Ruth,Watson
Erika,Yoder
Steven,Marks
Scott,Leonard
Julia,Miller
Richard,Jones
Suzanne,Jackson
Erik,Smith
Brian,Cruz
Ryan,Brown
Monica,Rubio
Elizabeth,Pierce
Aaron,Fitzpatrick
Jessica,Lara
Kimberly,Lopez
Anthony,Edwards
Sherry,Phillips
Rebecca,Hoover
Melanie,Casey
